"transmission","upper","lower","p","inh","type","group"
0.67,0.76,0.57,0.0008737,"paternal","all","case"
0.71,0.84,0.54,0.01151,"paternal","pathogenic","case"
0.64,0.76,0.51,0.03634,"paternal","benign","case"
0.59,0.7,0.48,0.1147,"maternal","all","case"
0.6,0.74,0.44,0.243,"maternal","pathogenic","case"
0.59,0.76,0.41,0.3771,"maternal","benign","case"
0.62,0.8,0.41,0.3269,"paternal","all","control"
0.64,0.89,0.31,0.5488,"paternal","pathogenic","control"
0.6,0.84,0.32,0.6072,"paternal","benign","control"
0.59,0.82,0.33,0.6291,"maternal","all","control"
0.62,0.86,0.32,0.5811,"maternal","pathogenic","control"
0.5,0.93,0.07,1,"maternal","benign","control"
